{"conversation_id":"2cd33d85-fc4d-4ff0-bb65-a94d3e7e8c33","system":{"dialog_stack":[{"dialog_node":"node_1_1512991659379"}],"dialog_turn_counter":35,"dialog_request_counter":35,"_node_output_map":{"Start And Initialize Context":[0,0],"Music Appliance Check":[0,0],"node_3_1484628332751":[0,0],"node_12_1485227162156":[0],"node_7_1468608329601":[0,1,0,2],"node_12_1484715413335":[0,0],"node_1_1512975172610":[0],"node_1_1512991659379":[0],"node_2_1512991687219":[0],"node_5_1512993871245":[0],"node_2_1512985393684":[0,1,0],"node_3_1512991869675":[0],"node_6_1512993923181":[0]}},"AConoff":"off","lightonoff":"on","musiconoff":"on","appl_action":"on","heateronoff":"off","volumeonoff":"off","wipersonoff":"off","default_counter":1,"reprompt":true,"id":"U8DEB18DT","context":{"conversation_id":"2cd33d85-fc4d-4ff0-bb65-a94d3e7e8c33","system":{"dialog_stack":[{"dialog_node":"node_2_1512991687219"}],"dialog_turn_counter":36,"dialog_request_counter":36,"_node_output_map":{"Start And Initialize Context":[0,0],"Music Appliance Check":[0,0],"node_3_1484628332751":[0,0],"node_12_1485227162156":[0],"node_7_1468608329601":[0,1,0,2],"node_12_1484715413335":[0,0],"node_1_1512975172610":[0],"node_1_1512991659379":[0],"node_2_1512991687219":[0],"node_5_1512993871245":[0],"node_2_1512985393684":[0,1,0],"node_3_1512991869675":[0],"node_6_1512993923181":[0]}},"AConoff":"off","lightonoff":"on","musiconoff":"on","appl_action":"on","heateronoff":"off","volumeonoff":"off","wipersonoff":"off","default_counter":1,"reprompt":true}}